{"loss": [1.6663602590560913, 0.8278337121009827, 0.642504096031189, 0.5419251918792725, 0.476192444562912, 0.43409839272499084, 0.3924007713794708, 0.36129939556121826, 0.3361368775367737, 0.3178747594356537], "accuracy": [0.4671046733856201, 0.7324686646461487, 0.7932779788970947, 0.8256399631500244, 0.8459286689758301, 0.858660101890564, 0.8721745610237122, 0.8820465803146362, 0.8906136751174927, 0.8962985873222351], "val_loss": [1.1762266159057617, 0.6398981809616089, 0.6069416999816895, 0.47975075244903564, 0.5334921479225159, 0.5785291194915771, 0.46524637937545776, 0.4336104094982147, 0.4141431450843811, 0.47000187635421753], "val_accuracy": [0.6169790625572205, 0.7952271103858948, 0.8061864972114563, 0.8445838689804077, 0.8276286721229553, 0.8153986930847168, 0.8512150645256042, 0.8643186092376709, 0.8702350854873657, 0.849467933177948]}