{"loss": [2.8681955337524414, 2.0021204948425293, 1.5182194709777832, 1.3077961206436157, 1.1944689750671387, 1.1171883344650269, 1.0650973320007324, 1.0166475772857666, 0.99449622631073, 0.9682652354240417], "accuracy": [0.12798430025577545, 0.4069989025592804, 0.6054942607879639, 0.6842660903930664, 0.7218590974807739, 0.7461532950401306, 0.7612563371658325, 0.777142345905304, 0.7820442914962769, 0.792392909526825], "val_loss": [2.2481112480163574, 1.6023536920547485, 1.155517816543579, 1.0098215341567993, 0.9407505989074707, 0.9711211919784546, 0.8925718665122986, 0.8670710325241089, 0.9734245538711548, 0.8267667889595032], "val_accuracy": [0.3041613698005676, 0.5704812407493591, 0.7275254130363464, 0.7791057825088501, 0.7984037399291992, 0.7853795886039734, 0.8107528686523438, 0.8177413940429688, 0.7852604985237122, 0.8291772603988647]}