{"loss": [1.7847241163253784, 0.9252835512161255, 0.6834543943405151, 0.5637665390968323, 0.4908387362957001, 0.43358126282691956, 0.38927674293518066, 0.35839545726776123, 0.32331162691116333, 0.2995629906654358], "accuracy": [0.43519651889801025, 0.7038739323616028, 0.7807166576385498, 0.8200117945671082, 0.8430918455123901, 0.8628131747245789, 0.8752723336219788, 0.8864606022834778, 0.8971042037010193, 0.9039351940155029], "val_loss": [1.3342747688293457, 0.7572405338287354, 0.6532191634178162, 0.5172743201255798, 0.446429044008255, 0.475987046957016, 0.40967708826065063, 0.43642348051071167, 0.35283172130584717, 0.35665827989578247], "val_accuracy": [0.5772712826728821, 0.7588548064231873, 0.8009053468704224, 0.8383894562721252, 0.8616582155227661, 0.8517709374427795, 0.8718233704566956, 0.8703938722610474, 0.889453649520874, 0.8939008712768555], "lr": [0.0010000000474974513, 0.0009900990407913923, 0.0009706853306852281, 0.0009424129384569824, 0.0009061662713065743, 0.0008630154770798981, 0.0008141655707731843, 0.0007609024178236723, 0.0007045392994768918, 0.0006463663303293288]}