{"loss": [2.7767763137817383, 1.8417434692382812, 1.4731796979904175, 1.2345728874206543, 1.0857093334197998, 0.9952141046524048, 0.9264541864395142, 0.870980441570282, 0.8318360447883606, 0.7970401644706726], "accuracy": [0.23484022915363312, 0.4149872958660126, 0.5254289507865906, 0.6004447937011719, 0.649543821811676, 0.6779910922050476, 0.7017520070075989, 0.7164011597633362, 0.7304489016532898, 0.741693913936615], "val_loss": [2.2440414428710938, 1.5862687826156616, 1.2721320390701294, 0.9905050992965698, 1.0082212686538696, 0.84788978099823, 0.8052842020988464, 0.7411580681800842, 0.7201259136199951, 0.6842955946922302], "val_accuracy": [0.3252461850643158, 0.47919315099716187, 0.5860069990158081, 0.6894853711128235, 0.6797966957092285, 0.7360625863075256, 0.7520648241043091, 0.7708465456962585, 0.7806543707847595, 0.7893106937408447]}