{"loss": [4.970215320587158, 2.897897720336914, 2.909472703933716, 2.9163403511047363, 2.90277361869812, 2.9076225757598877, 2.901139259338379], "accuracy": [0.23343318700790405, 0.2610180675983429, 0.2606663107872009, 0.25924789905548096, 0.2616194486618042, 0.2597358524799347, 0.2613130807876587], "val_loss": [2.520380735397339, 2.5402684211730957, 2.5644500255584717, 2.4887630939483643, 2.590980052947998, 2.539541721343994, 2.5130178928375244], "val_accuracy": [0.31936943531036377, 0.3126191198825836, 0.3130956292152405, 0.3203621208667755, 0.309482216835022, 0.31698697805404663, 0.3173840641975403]}