{"loss": [2.7916507720947266, 1.9631175994873047, 1.5511833429336548, 1.3523858785629272, 1.2272074222564697, 1.1461231708526611, 1.0859254598617554, 1.0392215251922607, 1.0001195669174194, 0.9637946486473083], "accuracy": [0.148318350315094, 0.42463234066963196, 0.5959399938583374, 0.668618381023407, 0.7098084688186646, 0.7378131747245789, 0.7563657164573669, 0.7720248103141785, 0.782101035118103, 0.7925177216529846], "val_loss": [2.508173704147339, 1.6374475955963135, 1.6477972269058228, 1.2256814241409302, 1.221998929977417, 1.141310214996338, 1.1404123306274414, 1.2642897367477417, 1.1317862272262573, 1.1486101150512695], "val_accuracy": [0.2413834184408188, 0.5567423701286316, 0.564128041267395, 0.7073141932487488, 0.7079892158508301, 0.7378891110420227, 0.733203649520874, 0.6982210874557495, 0.736221432685852, 0.7291931509971619]}