{"loss": [2.748460054397583, 1.7113209962844849, 1.2756727933883667, 1.1041144132614136, 1.0004847049713135, 0.9395816922187805, 0.8775601983070374, 0.8424229025840759, 0.8094655275344849, 0.7807902693748474], "accuracy": [0.1664397269487381, 0.524634599685669, 0.6900190711021423, 0.7466526031494141, 0.7807166576385498, 0.7986338138580322, 0.8195125460624695, 0.8300653696060181, 0.8388707041740417, 0.8469385504722595], "val_loss": [2.1669039726257324, 1.3278752565383911, 1.0478925704956055, 0.939116358757019, 1.072414517402649, 0.9227830767631531, 0.8941605687141418, 1.0492486953735352, 0.9634709358215332, 0.9567569494247437], "val_accuracy": [0.36904382705688477, 0.6679638028144836, 0.7619917392730713, 0.798165500164032, 0.7623094320297241, 0.8020568490028381, 0.8110308051109314, 0.7752541303634644, 0.7921696305274963, 0.7982051968574524]}