{"loss": [1.7436089515686035, 0.8778021335601807, 0.6649034023284912, 0.548340380191803, 0.4769635498523712, 0.4145147502422333, 0.36778247356414795, 0.3241211771965027, 0.29223504662513733, 0.26129406690597534], "accuracy": [0.4444330930709839, 0.7168663740158081, 0.7856640219688416, 0.8219634890556335, 0.8458946347236633, 0.8654910922050476, 0.8795388340950012, 0.8948915004730225, 0.9041167497634888, 0.9139320254325867], "val_loss": [1.0002864599227905, 0.6685835719108582, 0.9118436574935913, 0.6833061575889587, 0.5001885294914246, 0.5878182053565979, 0.4472443461418152, 0.35447457432746887, 0.3463577926158905, 0.3666418194770813], "val_accuracy": [0.6815835237503052, 0.7959021329879761, 0.7064008712768555, 0.7863723039627075, 0.839660108089447, 0.8178605437278748, 0.8597919344902039, 0.8925111293792725, 0.8937817811965942, 0.8913993239402771], "lr": [0.0010000000474974513, 0.0009900990407913923, 0.0009706853306852281, 0.0009424129384569824, 0.0009061662713065743, 0.0008630154770798981, 0.0008141655707731843, 0.0007609024178236723, 0.0007045392994768918, 0.0006463663303293288]}