{"loss": [3.3454463481903076, 1.586028814315796, 1.3381156921386719, 1.2132829427719116, 1.1223993301391602, 1.043917179107666, 0.9947775602340698, 0.9432315230369568, 0.8978187441825867, 0.8519781827926636], "accuracy": [0.34249046444892883, 0.6044390201568604, 0.681973934173584, 0.7193741202354431, 0.7461419701576233, 0.764399528503418, 0.7776756286621094, 0.7890795469284058, 0.7970565557479858, 0.80867600440979], "val_loss": [1.7125883102416992, 1.259474754333496, 1.3124847412109375, 1.1497523784637451, 0.958425760269165, 0.9319102168083191, 0.7806409597396851, 0.7859891057014465, 0.8316393494606018, 0.6845659613609314], "val_accuracy": [0.5860069990158081, 0.725540041923523, 0.7023109793663025, 0.7619123458862305, 0.8126985430717468, 0.8174634575843811, 0.8613802194595337, 0.848395824432373, 0.8281845450401306, 0.8678526282310486], "lr": [0.0010000000474974513, 0.0009900990407913923, 0.0009706853306852281, 0.0009424129384569824, 0.0009061662713065743, 0.0008630154770798981, 0.0008141655707731843, 0.0007609024178236723, 0.0007045392994768918, 0.0006463663303293288]}