{"loss": [4.777578830718994, 2.2628421783447266, 1.8325332403182983, 1.62278413772583, 1.4823373556137085, 1.374259114265442, 1.2780245542526245, 1.1970514059066772, 1.1244046688079834, 1.0525823831558228], "accuracy": [0.19439905881881714, 0.49036628007888794, 0.6257375478744507, 0.6850489974021912, 0.7208719253540039, 0.7459263801574707, 0.7646945118904114, 0.7800131440162659, 0.7935956716537476, 0.8069398999214172], "val_loss": [2.931267499923706, 1.8156670331954956, 1.6091488599777222, 1.4891247749328613, 1.3025609254837036, 1.321205973625183, 1.21998929977417, 1.1524269580841064, 1.1191034317016602, 1.0186480283737183], "val_accuracy": [0.298165500164032, 0.6307973265647888, 0.6892868280410767, 0.7210133671760559, 0.7670743465423584, 0.7559958696365356, 0.7810117602348328, 0.791494607925415, 0.7932814359664917, 0.8140485882759094], "lr": [0.0010000000474974513, 0.0009900990407913923, 0.0009706853306852281, 0.0009424129384569824, 0.0009061662713065743, 0.0008630154770798981, 0.0008141655707731843, 0.0007609024178236723, 0.0007045392994768918, 0.0006463663303293288]}