{"loss": [3.379716396331787, 1.6325513124465942, 1.3770930767059326, 1.2391918897628784, 1.1405490636825562, 1.0731545686721802, 1.0038304328918457, 0.9487764835357666, 0.9009165167808533, 0.8549360632896423], "accuracy": [0.339665025472641, 0.5875317454338074, 0.6675630807876587, 0.7074028849601746, 0.736077070236206, 0.7530523538589478, 0.7726035118103027, 0.7844952940940857, 0.7968863248825073, 0.8061569333076477], "val_loss": [2.1469645500183105, 1.7628297805786133, 1.6829793453216553, 1.3762176036834717, 1.1007789373397827, 1.008274793624878, 0.9798429608345032, 0.9620253443717957, 0.8395800590515137, 0.8940497040748596], "val_accuracy": [0.43352922797203064, 0.562380850315094, 0.5941867828369141, 0.6762229800224304, 0.7539310455322266, 0.7822824120521545, 0.7847045660018921, 0.7976493239402771, 0.8233004808425903, 0.802811324596405], "lr": [0.0010000000474974513, 0.0009900990407913923, 0.0009706853306852281, 0.0009424129384569824, 0.0009061662713065743, 0.0008630154770798981, 0.0008141655707731843, 0.0007609024178236723, 0.0007045392994768918, 0.0006463663303293288]}