{"loss": [4.76388692855835, 2.227999687194824, 1.7780269384384155, 1.5761384963989258, 1.4457967281341553, 1.3459657430648804, 1.2406331300735474, 1.17453932762146, 1.1045708656311035, 1.042427897453308], "accuracy": [0.188407763838768, 0.4962213933467865, 0.641476035118103, 0.6938090324401855, 0.7281567454338074, 0.7486950755119324, 0.7686660289764404, 0.7805691957473755, 0.7931758165359497, 0.8029683828353882], "val_loss": [2.476327657699585, 1.7834813594818115, 1.4738616943359375, 1.3302444219589233, 1.1434130668640137, 1.0689245462417603, 0.97612464427948, 1.080250859260559, 0.9890764951705933, 0.882445216178894], "val_accuracy": [0.402160108089447, 0.6508497595787048, 0.729947566986084, 0.7738246321678162, 0.8205209374427795, 0.835451066493988, 0.8495076298713684, 0.8138103485107422, 0.8304082155227661, 0.8572903275489807], "lr": [0.0010000000474974513, 0.0009900990407913923, 0.0009706853306852281, 0.0009424129384569824, 0.0009061662713065743, 0.0008630154770798981, 0.0008141655707731843, 0.0007609024178236723, 0.0007045392994768918, 0.0006463663303293288]}