{"loss": [2.4293429851531982, 1.4086923599243164, 1.1213936805725098, 0.9850917458534241, 0.8971495032310486, 0.8373320698738098, 0.7891851663589478, 0.7519819140434265, 0.7194017767906189, 0.6906818747520447], "accuracy": [0.29592183232307434, 0.5465573072433472, 0.6378676295280457, 0.6847880482673645, 0.7127587199211121, 0.7290759086608887, 0.7450186014175415, 0.7557076215744019, 0.7681100368499756, 0.7754289507865906], "val_loss": [1.6482638120651245, 1.188603401184082, 1.0414305925369263, 1.1234010457992554, 0.8540613651275635, 0.9488860368728638, 0.9253073930740356, 0.7798622250556946, 0.8024598360061646, 0.7732285857200623], "val_accuracy": [0.46998095512390137, 0.6181702613830566, 0.6680431962013245, 0.6430273056030273, 0.7347522377967834, 0.6971092820167542, 0.705924391746521, 0.7574253678321838, 0.7500396966934204, 0.7615946531295776], "lr": [0.0010000000474974513, 0.0009900990407913923, 0.0009706853306852281, 0.0009424129384569824, 0.0009061662713065743, 0.0008630154770798981, 0.0008141655707731843, 0.0007609024178236723, 0.0007045392994768918, 0.0006463663303293288]}