{"loss": [4.253269195556641, 1.3674027919769287, 1.105002999305725, 0.9612136483192444, 0.8710103034973145, 0.7913978695869446, 0.7325329780578613, 0.6756784319877625, 0.609257698059082, 0.5660576224327087], "accuracy": [0.42606207728385925, 0.7896355390548706, 0.8490037322044373, 0.8783587217330933, 0.8960716128349304, 0.9100967049598694, 0.919843852519989, 0.9272535443305969, 0.9375567436218262, 0.9421182870864868], "val_loss": [1.6989789009094238, 1.203676700592041, 1.1063241958618164, 0.8668951392173767, 0.888186514377594, 0.8825869560241699, 0.7137143015861511, 0.71491539478302, 0.6387869119644165, 0.6213598251342773], "val_accuracy": [0.7213706970214844, 0.8405733704566956, 0.8610228896141052, 0.9065279364585876, 0.9058132171630859, 0.8861578702926636, 0.9282084107398987, 0.9218154549598694, 0.9357528686523438, 0.9306702613830566], "lr": [0.0010000000474974513, 0.0009900990407913923, 0.0009706853306852281, 0.0009424129384569824, 0.0009061662713065743, 0.0008630154770798981, 0.0008141655707731843, 0.0007609024178236723, 0.0007045392994768918, 0.0006463663303293288]}