{"loss": [3.3788938522338867, 1.6743818521499634, 1.4207191467285156, 1.2891871929168701, 1.1965922117233276, 1.117818832397461, 1.0506690740585327, 1.0006581544876099, 0.9436877965927124, 0.8972620368003845], "accuracy": [0.32862427830696106, 0.5744031667709351, 0.6537989974021912, 0.6940246224403381, 0.7220180034637451, 0.7451661229133606, 0.7624251246452332, 0.774975061416626, 0.7898057103157043, 0.7998819947242737], "val_loss": [1.8593621253967285, 1.579792857170105, 1.6168032884597778, 1.1943190097808838, 1.087160348892212, 1.0515506267547607, 0.9403518438339233, 1.0152170658111572, 0.9708220362663269, 1.032289743423462], "val_accuracy": [0.5201715230941772, 0.6136435866355896, 0.599348783493042, 0.7360625863075256, 0.7631432414054871, 0.7748967409133911, 0.8015803694725037, 0.7809720635414124, 0.7803764343261719, 0.7644933462142944], "lr": [0.0010000000474974513, 0.0009900990407913923, 0.0009706853306852281, 0.0009424129384569824, 0.0009061662713065743, 0.0008630154770798981, 0.0008141655707731843, 0.0007609024178236723, 0.0007045392994768918, 0.0006463663303293288]}