{"loss": [3.1835761070251465, 1.2311395406723022, 0.9922664165496826, 0.8770751357078552, 0.7934815883636475, 0.7285250425338745, 0.6821798086166382, 0.6350012421607971, 0.5977510213851929, 0.5574440360069275], "accuracy": [0.4002019762992859, 0.6968840956687927, 0.7679284811019897, 0.8017656207084656, 0.8230074644088745, 0.8404819965362549, 0.8513866066932678, 0.8626430034637451, 0.8716753125190735, 0.8805714249610901], "val_loss": [1.5575112104415894, 0.9722346067428589, 0.8662673234939575, 1.1107639074325562, 0.8530195355415344, 0.7939368486404419, 0.6194924712181091, 0.7397386431694031, 0.8335292339324951, 0.5089207291603088], "val_accuracy": [0.6042725443840027, 0.788476824760437, 0.8142471313476562, 0.7486896514892578, 0.8103557825088501, 0.8263580203056335, 0.879089891910553, 0.8437103033065796, 0.8138500452041626, 0.9045028686523438], "lr": [0.0010000000474974513, 0.0009900990407913923, 0.0009706853306852281, 0.0009424129384569824, 0.0009061662713065743, 0.0008630154770798981, 0.0008141655707731843, 0.0007609024178236723, 0.0007045392994768918, 0.0006463663303293288]}