{"loss": [2.1596548557281494, 1.1555733680725098, 0.8540328145027161, 0.699685275554657, 0.6129810810089111, 0.543125331401825, 0.48644164204597473, 0.44288116693496704, 0.39848190546035767, 0.364509254693985], "accuracy": [0.2965005338191986, 0.6290168762207031, 0.729461669921875, 0.7777777910232544, 0.8059186935424805, 0.8261392712593079, 0.8448960781097412, 0.8586147427558899, 0.8716753125190735, 0.8809799551963806], "val_loss": [1.3206974267959595, 0.7653332948684692, 0.6371601223945618, 0.7291536927223206, 0.5227369666099548, 0.46418944001197815, 0.5347625613212585, 0.434474378824234, 0.42665931582450867, 0.46097755432128906], "val_accuracy": [0.5807655453681946, 0.7559164762496948, 0.7953065633773804, 0.7660816311836243, 0.8338627815246582, 0.8526445627212524, 0.833624541759491, 0.8657878041267395, 0.8702350854873657, 0.860665500164032], "lr": [0.0010000000474974513, 0.0009900990407913923, 0.0009706853306852281, 0.0009424129384569824, 0.0009061662713065743, 0.0008630154770798981, 0.0008141655707731843, 0.0007609024178236723, 0.0007045392994768918, 0.0006463663303293288]}