{"loss": [2.380911350250244, 1.4130140542984009, 1.1428089141845703, 0.9929860830307007, 0.8968261480331421, 0.8241634368896484, 0.7698367238044739, 0.7336705327033997, 0.6968569159507751, 0.6642118692398071], "accuracy": [0.3050903379917145, 0.5454339385032654, 0.6326138973236084, 0.6813725233078003, 0.7099332809448242, 0.733433187007904, 0.750374436378479, 0.7617102265357971, 0.7741466760635376, 0.7848584055900574], "val_loss": [1.732782006263733, 1.19693124294281, 1.112955093383789, 1.0319241285324097, 1.0449939966201782, 1.0718152523040771, 0.8765683174133301, 0.936731219291687, 0.8890120387077332, 0.8117901682853699], "val_accuracy": [0.4538595974445343, 0.6238484978675842, 0.65354984998703, 0.6766200661659241, 0.6751508712768555, 0.6818217635154724, 0.7266121506690979, 0.713032066822052, 0.7305828928947449, 0.7542884349822998], "lr": [0.0010000000474974513, 0.0009900990407913923, 0.0009706853306852281, 0.0009424129384569824, 0.0009061662713065743, 0.0008630154770798981, 0.0008141655707731843, 0.0007609024178236723, 0.0007045392994768918, 0.0006463663303293288]}