{"loss": [1.8387489318847656, 0.8498932123184204, 0.6322008371353149, 0.5184688568115234, 0.44222310185432434, 0.3805910348892212, 0.33162376284599304, 0.2889575958251953, 0.2508118748664856, 0.22056236863136292], "accuracy": [0.43557098507881165, 0.724412202835083, 0.796069324016571, 0.8295093774795532, 0.8547113537788391, 0.8742624521255493, 0.8892406225204468, 0.9034472703933716, 0.9151007533073425, 0.9251430034637451], "val_loss": [1.017045259475708, 0.7453076839447021, 0.5349130630493164, 0.5049307346343994, 0.44419798254966736, 0.4381708800792694, 0.40978822112083435, 0.3781241476535797, 0.379018634557724, 0.3926490545272827], "val_accuracy": [0.6739596724510193, 0.7651286721229553, 0.8280654549598694, 0.8400571942329407, 0.8586006760597229, 0.8610625863075256, 0.8689247369766235, 0.8861578702926636, 0.8858004808425903, 0.882107675075531], "lr": [0.0010000000474974513, 0.0009900990407913923, 0.0009706853306852281, 0.0009424129384569824, 0.0009061662713065743, 0.0008630154770798981, 0.0008141655707731843, 0.0007609024178236723, 0.0007045392994768918, 0.0006463663303293288]}