{"loss": [1.7793234586715698, 0.8863472938537598, 0.6723841428756714, 0.5610023140907288, 0.47840529680252075, 0.4133051633834839, 0.3744972348213196, 0.33204755187034607, 0.29599207639694214, 0.263236403465271], "accuracy": [0.4315200746059418, 0.7128154635429382, 0.7829407453536987, 0.8189338445663452, 0.8451457023620605, 0.8646968007087708, 0.8775190711021423, 0.8913512229919434, 0.9020061492919922, 0.9130696058273315], "val_loss": [1.0155246257781982, 0.6168409585952759, 0.532431960105896, 0.4718886911869049, 0.5199705958366394, 0.48456496000289917, 0.3575202226638794, 0.4352303445339203, 0.35341939330101013, 0.42033305764198303], "val_accuracy": [0.6743170022964478, 0.8031686544418335, 0.8290184140205383, 0.8514533042907715, 0.8324729800224304, 0.8498252630233765, 0.890525758266449, 0.8646363019943237, 0.8913198709487915, 0.8749603033065796], "lr": [0.0010000000474974513, 0.0009900990407913923, 0.0009706853306852281, 0.0009424129384569824, 0.0009061662713065743, 0.0008630154770798981, 0.0008141655707731843, 0.0007609024178236723, 0.0007045392994768918, 0.0006463663303293288]}