{"loss": [3.408087968826294, 1.5737303495407104, 1.3172364234924316, 1.1819653511047363, 1.0973209142684937, 1.0236895084381104, 0.9675729274749756, 0.9179043769836426, 0.8745288252830505, 0.8261635303497314], "accuracy": [0.32271242141723633, 0.6074686646461487, 0.6902573704719543, 0.7300063371658325, 0.7511233687400818, 0.7713553309440613, 0.7847789525985718, 0.7974309921264648, 0.8062136769294739, 0.816233217716217], "val_loss": [1.9072085618972778, 1.3961262702941895, 1.1832869052886963, 1.0522825717926025, 0.9406509399414062, 0.8594412803649902, 0.8300439119338989, 0.791948139667511, 0.8980199694633484, 0.631424605846405], "val_accuracy": [0.5212833285331726, 0.6888500452041626, 0.744282066822052, 0.7829177379608154, 0.8146839141845703, 0.8289390206336975, 0.8339024782180786, 0.8468471765518188, 0.8052334785461426, 0.8827430009841919], "lr": [0.0010000000474974513, 0.0009900990407913923, 0.0009706853306852281, 0.0009424129384569824, 0.0009061662713065743, 0.0008630154770798981, 0.0008141655707731843, 0.0007609024178236723, 0.0007045392994768918, 0.0006463663303293288]}