{"loss": [1.7864820957183838, 0.8582602143287659, 0.6545265913009644, 0.5396181344985962, 0.46645551919937134, 0.4084970951080322, 0.35449227690696716, 0.31571248173713684, 0.2782410979270935, 0.2425578087568283], "accuracy": [0.4529094099998474, 0.7252859473228455, 0.7885121703147888, 0.8241761922836304, 0.847244918346405, 0.8654116988182068, 0.8820011615753174, 0.894256055355072, 0.9060230851173401, 0.9183573722839355], "val_loss": [1.0697715282440186, 0.655885636806488, 0.5658012628555298, 0.5175071954727173, 0.46838948130607605, 0.44065073132514954, 0.4072681665420532, 0.4476242661476135, 0.3959846794605255, 0.39995086193084717], "val_accuracy": [0.657202959060669, 0.7915343046188354, 0.8172252178192139, 0.8348951935768127, 0.8527636528015137, 0.8630082607269287, 0.8742852807044983, 0.8593154549598694, 0.8802413940429688, 0.8821473717689514], "lr": [0.0010000000474974513, 0.0009900990407913923, 0.0009706853306852281, 0.0009424129384569824, 0.0009061662713065743, 0.0008630154770798981, 0.0008141655707731843, 0.0007609024178236723, 0.0007045392994768918, 0.0006463663303293288]}